registro;data;hora;turno;pecas_produzidas
1;03/08/2026;08:00;Manhã;-200
2;03/08/2026;09:00;Manhã;
3;03/08/2026;10:00;Manhã;31
4;03/08/2026;11:00;Manhã;77
5;03/08/2026;12:00;Manhã;47
6;03/08/2026;13:00;Manhã;45
7;03/08/2026;14:00;Tarde;44
8;03/08/2026;15:00;Tarde;38
9;03/08/2026;16:00;Tarde;77
10;03/08/2026;17:00;Tarde;36
11;03/08/2026;18:00;Tarde;73
12;03/08/2026;19:00;Tarde;77
13;03/08/2026;20:00;Tarde;87
14;03/08/2026;21:00;Tarde;64
15;03/08/2026;22:00;Noite;35
16;03/08/2026;23:00;Noite;67
17;04/08/2026;00:00;Noite;57
18;04/08/2026;01:00;Noite;32
19;04/08/2026;02:00;Noite;31
20;04/08/2026;03:00;Noite;35
21;04/08/2026;04:00;Noite;43
22;04/08/2026;05:00;Noite;44
23;04/08/2026;06:00;Manhã;62
24;04/08/2026;07:00;Manhã;68
25;04/08/2026;08:00;Manhã;31
26;04/08/2026;09:00;Manhã;65
27;04/08/2026;10:00;Manhã;42
28;04/08/2026;11:00;Manhã;-500
29;04/08/2026;12:00;Manhã;-200
30;04/08/2026;13:00;Manhã;74
31;04/08/2026;14:00;Tarde;64
32;04/08/2026;15:00;Tarde;56
33;04/08/2026;16:00;Tarde;44
34;04/08/2026;17:00;Tarde;58
35;04/08/2026;18:00;Tarde;67
36;04/08/2026;19:00;Tarde;47
37;04/08/2026;20:00;Tarde;81
38;04/08/2026;21:00;Tarde;85
39;04/08/2026;22:00;Noite;30
40;04/08/2026;23:00;Noite;78
41;05/08/2026;00:00;Noite;-300
42;05/08/2026;01:00;Noite;40
43;05/08/2026;02:00;Noite;74
44;05/08/2026;03:00;Noite;
45;05/08/2026;04:00;Noite;51
46;05/08/2026;05:00;Noite;-50
47;05/08/2026;06:00;Manhã;
48;05/08/2026;07:00;Manhã;43
49;05/08/2026;08:00;Manhã;78
50;05/08/2026;09:00;Manhã;51
51;05/08/2026;10:00;Manhã;36
52;05/08/2026;11:00;Manhã;35
53;05/08/2026;12:00;Manhã;54
54;05/08/2026;13:00;Manhã;36
55;05/08/2026;14:00;Tarde;52
56;05/08/2026;15:00;Tarde;
57;05/08/2026;16:00;Tarde;52
58;05/08/2026;17:00;Tarde;68
59;05/08/2026;18:00;Tarde;46
60;05/08/2026;19:00;Tarde;81
61;05/08/2026;20:00;Tarde;32
62;05/08/2026;21:00;Tarde;76
63;05/08/2026;22:00;Noite;59
64;05/08/2026;23:00;Noite;64
65;06/08/2026;00:00;Noite;37
66;06/08/2026;01:00;Noite;89
67;06/08/2026;02:00;Noite;54
68;06/08/2026;03:00;Noite;-500
69;06/08/2026;04:00;Noite;-500
70;06/08/2026;05:00;Noite;48
71;06/08/2026;06:00;Manhã;83
72;06/08/2026;07:00;Manhã;70
73;06/08/2026;08:00;Manhã;69
74;06/08/2026;09:00;Manhã;86
75;06/08/2026;10:00;Manhã;85
76;06/08/2026;11:00;Manhã;-300
77;06/08/2026;12:00;Manhã;-300
78;06/08/2026;13:00;Manhã;42
79;06/08/2026;14:00;Tarde;75
80;06/08/2026;15:00;Tarde;34
81;06/08/2026;16:00;Tarde;32
82;06/08/2026;17:00;Tarde;72
83;06/08/2026;18:00;Tarde;44
84;06/08/2026;19:00;Tarde;79
85;06/08/2026;20:00;Tarde;48
86;06/08/2026;21:00;Tarde;35
87;06/08/2026;22:00;Noite;84
88;06/08/2026;23:00;Noite;-100
89;07/08/2026;00:00;Noite;85
90;07/08/2026;01:00;Noite;36
91;07/08/2026;02:00;Noite;54
92;07/08/2026;03:00;Noite;47
93;07/08/2026;04:00;Noite;59
94;07/08/2026;05:00;Noite;70
95;07/08/2026;06:00;Manhã;83
96;07/08/2026;07:00;Manhã;53
97;07/08/2026;08:00;Manhã;40
98;07/08/2026;09:00;Manhã;53
99;07/08/2026;10:00;Manhã;52
100;07/08/2026;11:00;Manhã;43
101;07/08/2026;12:00;Manhã;72
102;07/08/2026;13:00;Manhã;47
103;07/08/2026;14:00;Tarde;74
104;07/08/2026;15:00;Tarde;89
105;07/08/2026;16:00;Tarde;73
106;07/08/2026;17:00;Tarde;
107;07/08/2026;18:00;Tarde;34
108;07/08/2026;19:00;Tarde;68
109;07/08/2026;20:00;Tarde;70
110;07/08/2026;21:00;Tarde;40
111;07/08/2026;22:00;Noite;64
112;07/08/2026;23:00;Noite;-50
113;08/08/2026;00:00;Noite;45
114;08/08/2026;01:00;Noite;40
115;08/08/2026;02:00;Noite;59
116;08/08/2026;03:00;Noite;54
117;08/08/2026;04:00;Noite;-300
118;08/08/2026;05:00;Noite;89
119;08/08/2026;06:00;Manhã;70
120;08/08/2026;07:00;Manhã;74
121;08/08/2026;08:00;Manhã;65
122;08/08/2026;09:00;Manhã;44
123;08/08/2026;10:00;Manhã;73
124;08/08/2026;11:00;Manhã;50
125;08/08/2026;12:00;Manhã;83
126;08/08/2026;13:00;Manhã;79
127;08/08/2026;14:00;Tarde;79
128;08/08/2026;15:00;Tarde;33
129;08/08/2026;16:00;Tarde;-100
130;08/08/2026;17:00;Tarde;-500
131;08/08/2026;18:00;Tarde;32
132;08/08/2026;19:00;Tarde;81
133;08/08/2026;20:00;Tarde;50
134;08/08/2026;21:00;Tarde;55
135;08/08/2026;22:00;Noite;47
136;08/08/2026;23:00;Noite;34
137;09/08/2026;00:00;Noite;43
138;09/08/2026;01:00;Noite;88
139;09/08/2026;02:00;Noite;90
140;09/08/2026;03:00;Noite;66
141;09/08/2026;04:00;Noite;86
142;09/08/2026;05:00;Noite;75
143;09/08/2026;06:00;Manhã;50
144;09/08/2026;07:00;Manhã;
145;09/08/2026;08:00;Manhã;71
146;09/08/2026;09:00;Manhã;61
147;09/08/2026;10:00;Manhã;55
148;09/08/2026;11:00;Manhã;86
149;09/08/2026;12:00;Manhã;88
150;09/08/2026;13:00;Manhã;
151;09/08/2026;14:00;Tarde;59
152;09/08/2026;15:00;Tarde;39
153;09/08/2026;16:00;Tarde;
154;09/08/2026;17:00;Tarde;38
155;09/08/2026;18:00;Tarde;45
156;09/08/2026;19:00;Tarde;77
157;09/08/2026;20:00;Tarde;65
158;09/08/2026;21:00;Tarde;64
159;09/08/2026;22:00;Noite;46
160;09/08/2026;23:00;Noite;77
161;10/08/2026;00:00;Noite;-200
162;10/08/2026;01:00;Noite;57
163;10/08/2026;02:00;Noite;87
164;10/08/2026;03:00;Noite;-300
165;10/08/2026;04:00;Noite;-500
166;10/08/2026;05:00;Noite;53
167;10/08/2026;06:00;Manhã;44
168;10/08/2026;07:00;Manhã;38
169;10/08/2026;08:00;Manhã;62
170;10/08/2026;09:00;Manhã;61
171;10/08/2026;10:00;Manhã;
172;10/08/2026;11:00;Manhã;78
173;10/08/2026;12:00;Manhã;
174;10/08/2026;13:00;Manhã;85
175;10/08/2026;14:00;Tarde;37
176;10/08/2026;15:00;Tarde;39
177;10/08/2026;16:00;Tarde;70
178;10/08/2026;17:00;Tarde;40
179;10/08/2026;18:00;Tarde;80
180;10/08/2026;19:00;Tarde;73
181;10/08/2026;20:00;Tarde;57
182;10/08/2026;21:00;Tarde;68
183;10/08/2026;22:00;Noite;34
184;10/08/2026;23:00;Noite;54
185;11/08/2026;00:00;Noite;-500
186;11/08/2026;01:00;Noite;68
187;11/08/2026;02:00;Noite;59
188;11/08/2026;03:00;Noite;63
189;11/08/2026;04:00;Noite;46
190;11/08/2026;05:00;Noite;65
191;11/08/2026;06:00;Manhã;85
192;11/08/2026;07:00;Manhã;90
193;11/08/2026;08:00;Manhã;30
194;11/08/2026;09:00;Manhã;73
195;11/08/2026;10:00;Manhã;76
196;11/08/2026;11:00;Manhã;-50
197;11/08/2026;12:00;Manhã;-100
198;11/08/2026;13:00;Manhã;86
199;11/08/2026;14:00;Tarde;64
200;11/08/2026;15:00;Tarde;78
